{"cameraMode":{"drawMode":0,"name":"Shaded","section":"Shading Mode"},"sceneLighting":false,"audioPlay":false,"sceneViewState":{"showFog":true,"showMaterialUpdate":false,"showSkybox":true,"showFlares":true,"showImageEffects":true,"showParticleSystems":true},"in2DMode":false,"pivot":{"x":-0.2859911322593689,"y":-0.2545735836029053,"z":0.06744766235351563},"rotation":{"x":0.36347252130508425,"y":0.03770994767546654,"z":-0.014729075133800507,"w":0.9307340979576111},"size":2.266902446746826,"orthographic":false}