{"cameraMode":{"drawMode":0,"name":"Shaded","section":"Shading Mode"},"sceneLighting":true,"audioPlay":false,"sceneViewState":{"showFog":true,"showMaterialUpdate":false,"showSkybox":true,"showFlares":true,"showImageEffects":true,"showParticleSystems":true},"in2DMode":false,"pivot":{"x":-6.813357830047607,"y":14.32810115814209,"z":-11.913389205932618},"rotation":{"x":0.08018675446510315,"y":-0.1580706685781479,"z":0.012962501496076584,"w":0.9841896891593933},"size":17.294992446899415,"orthographic":false}