{"cameraMode":{"drawMode":0,"name":"Shaded","section":"Shading Mode"},"sceneLighting":false,"audioPlay":false,"sceneViewState":{"showFog":true,"showMaterialUpdate":false,"showSkybox":true,"showFlares":true,"showImageEffects":true,"showParticleSystems":true},"in2DMode":false,"pivot":{"x":12.125921249389649,"y":-0.5715088844299316,"z":1.381463646888733},"rotation":{"x":-0.10767568647861481,"y":-0.5737422108650208,"z":0.07624710351228714,"w":-0.8084865212440491},"size":9.954363822937012,"orthographic":false}