{"cameraMode":{"drawMode":0,"name":"Shaded","section":"Shading Mode"},"sceneLighting":true,"audioPlay":false,"sceneViewState":{"showFog":true,"showMaterialUpdate":false,"showSkybox":true,"showFlares":true,"showImageEffects":true,"showParticleSystems":true},"in2DMode":false,"pivot":{"x":1.0343382358551026,"y":1.0968096256256104,"z":-7.662140369415283},"rotation":{"x":0.0007503518718294799,"y":0.9982584118843079,"z":0.013169377110898495,"w":-0.05792290344834328},"size":1.4503543376922608,"orthographic":false}